aggregatable,autoNumber,byteLength,calculated,calculatedFormula,cascadeDelete,caseSensitive,compoundFieldName,controllerName,createable,custom,defaultValue,defaultValueFormula,defaultedOnCreate,dependentPicklist,deprecatedAndHidden,digits,displayLocationInDecimal,encrypted,externalId,extraTypeInfo,filterable,filteredLookupInfo,groupable,highScaleNumber,htmlFormatted,idLookup,inlineHelpText,label,length,mask,maskType,name,nameField,namePointing,nillable,permissionable,picklistValues,polymorphicForeignKey,precision,queryByDistance,referenceTargetField,referenceTo,relationshipName,relationshipOrder,restrictedDelete,restrictedPicklist,scale,searchPrefilterable,soapType,sortable,type,unique,updateable,writeRequiresMasterRead
True,False,18,False,,False,False,,,False,False,,,True,False,False,0,False,False,False,,True,,True,False,False,True,,Account ID,18,,,Id,False,False,False,False,[],False,0,False,,[],,,False,False,0,False,tns:ID,True,id,False,False,False
False,False,0,False,,False,False,,,False,False,False,,True,False,False,0,False,False,False,,True,,True,False,False,False,,Deleted,0,,,IsDeleted,False,False,False,False,[],False,0,False,,[],,,False,False,0,False,xsd:boolean,True,boolean,False,False,False
True,False,18,False,,False,False,,,False,False,,,False,False,False,0,False,False,False,,True,,True,False,False,False,,Master Record ID,18,,,MasterRecordId,False,False,True,False,[],False,0,False,,['Account'],MasterRecord,,False,False,0,False,tns:ID,True,reference,False,False,False
True,False,765,False,,False,False,Name,,True,False,,,False,False,False,0,False,False,False,switchablepersonname,True,,True,False,False,False,,Account Name,255,,,Name,True,False,False,False,[],False,0,False,,[],,,False,False,0,False,xsd:string,True,string,False,True,False
True,False,120,False,,False,False,,,True,False,,,False,False,False,0,False,False,False,,True,,True,False,False,False,,Account Type,40,,,Type,False,False,True,True,"[OrderedDict([('active', True), ('defaultValue', False), ('label', 'Analyst'), ('validFor', None), ('value', 'Analyst')]), OrderedDict([('active', True), ('defaultValue', False), ('label', 'Competitor'), ('validFor', None), ('value', 'Competitor')]), OrderedDict([('active', True), ('defaultValue', False), ('label', 'Customer'), ('validFor', None), ('value', 'Customer')]), OrderedDict([('active', True), ('defaultValue', False), ('label', 'Integrator'), ('validFor', None), ('value', 'Integrator')]), OrderedDict([('active', True), ('defaultValue', False), ('label', 'Investor'), ('validFor', None), ('value', 'Investor')]), OrderedDict([('active', True), ('defaultValue', False), ('label', 'Partner'), ('validFor', None), ('value', 'Partner')]), OrderedDict([('active', True), ('defaultValue', False), ('label', 'Press'), ('validFor', None), ('value', 'Press')]), OrderedDict([('active', True), ('defaultValue', False), ('label', 'Prospect'), ('validFor', None), ('value', 'Prospect')]), OrderedDict([('active', True), ('defaultValue', False), ('label', 'Reseller'), ('validFor', None), ('value', 'Reseller')]), OrderedDict([('active', True), ('defaultValue', False), ('label', 'Other'), ('validFor', None), ('value', 'Other')])]",False,0,False,,[],,,False,False,0,False,xsd:string,True,picklist,False,True,False
True,False,18,False,,False,False,,,True,False,,,False,False,False,0,False,False,False,,True,,True,False,False,False,,Record Type ID,18,,,RecordTypeId,False,False,True,False,[],False,0,False,,['RecordType'],RecordType,,False,False,0,False,tns:ID,True,reference,False,True,False
True,False,18,False,,False,False,,,True,False,,,False,False,False,0,False,False,False,,True,,True,False,False,False,,Parent Account ID,18,,,ParentId,False,False,True,True,[],False,0,False,,['Account'],Parent,,False,False,0,True,tns:ID,True,reference,False,True,False
True,False,765,False,,False,False,BillingAddress,,True,False,,,False,False,False,0,False,False,False,plaintextarea,True,,True,False,False,False,,Billing Street,255,,,BillingStreet,False,False,True,True,[],False,0,False,,[],,,False,False,0,False,xsd:string,True,textarea,False,True,False
True,False,120,False,,False,False,BillingAddress,,True,False,,,False,False,False,0,False,False,False,,True,,True,False,False,False,,Billing City,40,,,BillingCity,False,False,True,True,[],False,0,False,,[],,,False,False,0,False,xsd:string,True,string,False,True,False
True,False,240,False,,False,False,BillingAddress,,True,False,,,False,False,False,0,False,False,False,,True,,True,False,False,False,,Billing State/Province,80,,,BillingState,False,False,True,True,[],False,0,False,,[],,,False,False,0,False,xsd:string,True,string,False,True,False
True,False,60,False,,False,False,BillingAddress,,True,False,,,False,False,False,0,False,False,False,,True,,True,False,False,False,,Billing Zip/Postal Code,20,,,BillingPostalCode,False,False,True,True,[],False,0,False,,[],,,False,False,0,False,xsd:string,True,string,False,True,False
True,False,240,False,,False,False,BillingAddress,,True,False,,,False,False,False,0,False,False,False,,True,,True,False,False,False,,Billing Country,80,,,BillingCountry,False,False,True,True,[],False,0,False,,[],,,False,False,0,False,xsd:string,True,string,False,True,False
True,False,0,False,,False,False,BillingAddress,,True,False,,,False,False,False,0,False,False,False,,True,,False,False,False,False,,Billing Latitude,0,,,BillingLatitude,False,False,True,True,[],False,18,False,,[],,,False,False,15,False,xsd:double,True,double,False,True,False
True,False,0,False,,False,False,BillingAddress,,True,False,,,False,False,False,0,False,False,False,,True,,False,False,False,False,,Billing Longitude,0,,,BillingLongitude,False,False,True,True,[],False,18,False,,[],,,False,False,15,False,xsd:double,True,double,False,True,False
True,False,120,False,,False,False,BillingAddress,,True,False,,,False,False,False,0,False,False,False,,True,,True,False,False,False,,Billing Geocode Accuracy,40,,,BillingGeocodeAccuracy,False,False,True,True,"[OrderedDict([('active', True), ('defaultValue', False), ('label', 'Address'), ('validFor', None), ('value', 'Address')]), OrderedDict([('active', True), ('defaultValue', False), ('label', 'NearAddress'), ('validFor', None), ('value', 'NearAddress')]), OrderedDict([('active', True), ('defaultValue', False), ('label', 'Block'), ('validFor', None), ('value', 'Block')]), OrderedDict([('active', True), ('defaultValue', False), ('label', 'Street'), ('validFor', None), ('value', 'Street')]), OrderedDict([('active', True), ('defaultValue', False), ('label', 'ExtendedZip'), ('validFor', None), ('value', 'ExtendedZip')]), OrderedDict([('active', True), ('defaultValue', False), ('label', 'Zip'), ('validFor', None), ('value', 'Zip')]), OrderedDict([('active', True), ('defaultValue', False), ('label', 'Neighborhood'), ('validFor', None), ('value', 'Neighborhood')]), OrderedDict([('active', True), ('defaultValue', False), ('label', 'City'), ('validFor', None), ('value', 'City')]), OrderedDict([('active', True), ('defaultValue', False), ('label', 'County'), ('validFor', None), ('value', 'County')]), OrderedDict([('active', True), ('defaultValue', False), ('label', 'State'), ('validFor', None), ('value', 'State')]), OrderedDict([('active', True), ('defaultValue', False), ('label', 'Unknown'), ('validFor', None), ('value', 'Unknown')])]",False,0,False,,[],,,False,True,0,False,xsd:string,True,picklist,False,True,False
False,False,0,False,,False,False,,,False,False,,,False,False,False,0,False,False,False,,True,,False,False,False,False,,Service Address,0,,,BillingAddress,False,False,True,True,[],False,0,True,,[],,,False,False,0,False,urn:address,False,address,False,False,False
True,False,765,False,,False,False,ShippingAddress,,True,False,,,False,False,False,0,False,False,False,plaintextarea,True,,True,False,False,False,,Shipping Street,255,,,ShippingStreet,False,False,True,True,[],False,0,False,,[],,,False,False,0,False,xsd:string,True,textarea,False,True,False
True,False,120,False,,False,False,ShippingAddress,,True,False,,,False,False,False,0,False,False,False,,True,,True,False,False,False,,Shipping City,40,,,ShippingCity,False,False,True,True,[],False,0,False,,[],,,False,False,0,False,xsd:string,True,string,False,True,False
True,False,240,False,,False,False,ShippingAddress,,True,False,,,False,False,False,0,False,False,False,,True,,True,False,False,False,,Shipping State/Province,80,,,ShippingState,False,False,True,True,[],False,0,False,,[],,,False,False,0,False,xsd:string,True,string,False,True,False
True,False,60,False,,False,False,ShippingAddress,,True,False,,,False,False,False,0,False,False,False,,True,,True,False,False,False,,Shipping Zip/Postal Code,20,,,ShippingPostalCode,False,False,True,True,[],False,0,False,,[],,,False,False,0,False,xsd:string,True,string,False,True,False
True,False,240,False,,False,False,ShippingAddress,,True,False,,,False,False,False,0,False,False,False,,True,,True,False,False,False,,Shipping Country,80,,,ShippingCountry,False,False,True,True,[],False,0,False,,[],,,False,False,0,False,xsd:string,True,string,False,True,False
True,False,0,False,,False,False,ShippingAddress,,True,False,,,False,False,False,0,False,False,False,,True,,False,False,False,False,,Shipping Latitude,0,,,ShippingLatitude,False,False,True,True,[],False,18,False,,[],,,False,False,15,False,xsd:double,True,double,False,True,False
True,False,0,False,,False,False,ShippingAddress,,True,False,,,False,False,False,0,False,False,False,,True,,False,False,False,False,,Shipping Longitude,0,,,ShippingLongitude,False,False,True,True,[],False,18,False,,[],,,False,False,15,False,xsd:double,True,double,False,True,False
True,False,120,False,,False,False,ShippingAddress,,True,False,,,False,False,False,0,False,False,False,,True,,True,False,False,False,,Shipping Geocode Accuracy,40,,,ShippingGeocodeAccuracy,False,False,True,True,"[OrderedDict([('active', True), ('defaultValue', False), ('label', 'Address'), ('validFor', None), ('value', 'Address')]), OrderedDict([('active', True), ('defaultValue', False), ('label', 'NearAddress'), ('validFor', None), ('value', 'NearAddress')]), OrderedDict([('active', True), ('defaultValue', False), ('label', 'Block'), ('validFor', None), ('value', 'Block')]), OrderedDict([('active', True), ('defaultValue', False), ('label', 'Street'), ('validFor', None), ('value', 'Street')]), OrderedDict([('active', True), ('defaultValue', False), ('label', 'ExtendedZip'), ('validFor', None), ('value', 'ExtendedZip')]), OrderedDict([('active', True), ('defaultValue', False), ('label', 'Zip'), ('validFor', None), ('value', 'Zip')]), OrderedDict([('active', True), ('defaultValue', False), ('label', 'Neighborhood'), ('validFor', None), ('value', 'Neighborhood')]), OrderedDict([('active', True), ('defaultValue', False), ('label', 'City'), ('validFor', None), ('value', 'City')]), OrderedDict([('active', True), ('defaultValue', False), ('label', 'County'), ('validFor', None), ('value', 'County')]), OrderedDict([('active', True), ('defaultValue', False), ('label', 'State'), ('validFor', None), ('value', 'State')]), OrderedDict([('active', True), ('defaultValue', False), ('label', 'Unknown'), ('validFor', None), ('value', 'Unknown')])]",False,0,False,,[],,,False,True,0,False,xsd:string,True,picklist,False,True,False
False,False,0,False,,False,False,,,False,False,,,False,False,False,0,False,False,False,,True,,False,False,False,False,,Shipping Address,0,,,ShippingAddress,False,False,True,True,[],False,0,True,,[],,,False,False,0,False,urn:address,False,address,False,False,False
True,False,120,False,,False,False,,,True,False,,,False,False,False,0,False,False,False,,True,,True,False,False,False,,Account Phone,40,,,Phone,False,False,True,True,[],False,0,False,,[],,,False,False,0,False,xsd:string,True,phone,False,True,False
True,False,120,False,,False,False,,,True,False,,,False,False,False,0,False,False,False,,True,,True,False,False,False,,Account Fax,40,,,Fax,False,False,True,True,[],False,0,False,,[],,,False,False,0,False,xsd:string,True,phone,False,True,False
True,False,120,False,,False,False,,,True,False,,,False,False,False,0,False,False,False,,True,,True,False,False,False,,Account Number,40,,,AccountNumber,False,False,True,True,[],False,0,False,,[],,,False,False,0,False,xsd:string,True,string,False,True,False
True,False,765,False,,False,False,,,True,False,,,False,False,False,0,False,False,False,,True,,True,False,False,False,,Website,255,,,Website,False,False,True,True,[],False,0,False,,[],,,False,False,0,False,xsd:string,True,url,False,True,False
True,False,765,False,,False,False,,,False,False,,,False,False,False,0,False,False,False,imageurl,True,,True,False,False,False,,Photo URL,255,,,PhotoUrl,False,False,True,False,[],False,0,False,,[],,,False,False,0,False,xsd:string,True,url,False,False,False
True,False,60,False,,False,False,,,True,False,,,False,False,False,0,False,False,False,,True,,True,False,False,False,,SIC Code,20,,,Sic,False,False,True,True,[],False,0,False,,[],,,False,False,0,False,xsd:string,True,string,False,True,False
True,False,120,False,,False,False,,,True,False,,,False,False,False,0,False,False,False,,True,,True,False,False,False,,Industry,40,,,Industry,False,False,True,True,"[OrderedDict([('active', True), ('defaultValue', False), ('label', 'Agriculture'), ('validFor', None), ('value', 'Agriculture')]), OrderedDict([('active', True), ('defaultValue', False), ('label', 'Apparel'), ('validFor', None), ('value', 'Apparel')]), OrderedDict([('active', True), ('defaultValue', False), ('label', 'Banking'), ('validFor', None), ('value', 'Banking')]), OrderedDict([('active', True), ('defaultValue', False), ('label', 'Biotechnology'), ('validFor', None), ('value', 'Biotechnology')]), OrderedDict([('active', True), ('defaultValue', False), ('label', 'Chemicals'), ('validFor', None), ('value', 'Chemicals')]), OrderedDict([('active', True), ('defaultValue', False), ('label', 'Communications'), ('validFor', None), ('value', 'Communications')]), OrderedDict([('active', True), ('defaultValue', False), ('label', 'Construction'), ('validFor', None), ('value', 'Construction')]), OrderedDict([('active', True), ('defaultValue', False), ('label', 'Consulting'), ('validFor', None), ('value', 'Consulting')]), OrderedDict([('active', True), ('defaultValue', False), ('label', 'Education'), ('validFor', None), ('value', 'Education')]), OrderedDict([('active', True), ('defaultValue', False), ('label', 'Electronics'), ('validFor', None), ('value', 'Electronics')]), OrderedDict([('active', True), ('defaultValue', False), ('label', 'Energy'), ('validFor', None), ('value', 'Energy')]), OrderedDict([('active', True), ('defaultValue', False), ('label', 'Engineering'), ('validFor', None), ('value', 'Engineering')]), OrderedDict([('active', True), ('defaultValue', False), ('label', 'Entertainment'), ('validFor', None), ('value', 'Entertainment')]), OrderedDict([('active', True), ('defaultValue', False), ('label', 'Environmental'), ('validFor', None), ('value', 'Environmental')]), OrderedDict([('active', True), ('defaultValue', False), ('label', 'Finance'), ('validFor', None), ('value', 'Finance')]), OrderedDict([('active', True), ('defaultValue', False), ('label', 'Food & Beverage'), ('validFor', None), ('value', 'Food & Beverage')]), OrderedDict([('active', True), ('defaultValue', False), ('label', 'Government'), ('validFor', None), ('value', 'Government')]), OrderedDict([('active', True), ('defaultValue', False), ('label', 'Healthcare'), ('validFor', None), ('value', 'Healthcare')]), OrderedDict([('active', True), ('defaultValue', False), ('label', 'Hospitality'), ('validFor', None), ('value', 'Hospitality')]), OrderedDict([('active', True), ('defaultValue', False), ('label', 'Insurance'), ('validFor', None), ('value', 'Insurance')]), OrderedDict([('active', True), ('defaultValue', False), ('label', 'Machinery'), ('validFor', None), ('value', 'Machinery')]), OrderedDict([('active', True), ('defaultValue', False), ('label', 'Manufacturing'), ('validFor', None), ('value', 'Manufacturing')]), OrderedDict([('active', True), ('defaultValue', False), ('label', 'Media'), ('validFor', None), ('value', 'Media')]), OrderedDict([('active', True), ('defaultValue', False), ('label', 'Not For Profit'), ('validFor', None), ('value', 'Not For Profit')]), OrderedDict([('active', True), ('defaultValue', False), ('label', 'Other'), ('validFor', None), ('value', 'Other')]), OrderedDict([('active', True), ('defaultValue', False), ('label', 'Recreation'), ('validFor', None), ('value', 'Recreation')]), OrderedDict([('active', True), ('defaultValue', False), ('label', 'Retail'), ('validFor', None), ('value', 'Retail')]), OrderedDict([('active', True), ('defaultValue', False), ('label', 'Shipping'), ('validFor', None), ('value', 'Shipping')]), OrderedDict([('active', True), ('defaultValue', False), ('label', 'Technology'), ('validFor', None), ('value', 'Technology')]), OrderedDict([('active', True), ('defaultValue', False), ('label', 'Telecommunications'), ('validFor', None), ('value', 'Telecommunications')]), OrderedDict([('active', True), ('defaultValue', False), ('label', 'Transportation'), ('validFor', None), ('value', 'Transportation')]), OrderedDict([('active', True), ('defaultValue', False), ('label', 'Utilities'), ('validFor', None), ('value', 'Utilities')])]",False,0,False,,[],,,False,False,0,False,xsd:string,True,picklist,False,True,False
True,False,0,False,,False,False,,,True,False,,,False,False,False,0,False,False,False,,True,,False,False,False,False,,Annual Revenue,0,,,AnnualRevenue,False,False,True,True,[],False,18,False,,[],,,False,False,0,False,xsd:double,True,currency,False,True,False
True,False,0,False,,False,False,,,True,False,,,False,False,False,8,False,False,False,,True,,True,False,False,False,,Employees,0,,,NumberOfEmployees,False,False,True,True,[],False,0,False,,[],,,False,False,0,False,xsd:int,True,int,False,True,False
True,False,120,False,,False,False,,,True,False,,,False,False,False,0,False,False,False,,True,,True,False,False,False,,Ownership,40,,,Ownership,False,False,True,True,"[OrderedDict([('active', True), ('defaultValue', False), ('label', 'Public'), ('validFor', None), ('value', 'Public')]), OrderedDict([('active', True), ('defaultValue', False), ('label', 'Private'), ('validFor', None), ('value', 'Private')]), OrderedDict([('active', True), ('defaultValue', False), ('label', 'Subsidiary'), ('validFor', None), ('value', 'Subsidiary')]), OrderedDict([('active', True), ('defaultValue', False), ('label', 'Other'), ('validFor', None), ('value', 'Other')])]",False,0,False,,[],,,False,False,0,False,xsd:string,True,picklist,False,True,False
True,False,60,False,,False,False,,,True,False,,,False,False,False,0,False,False,False,,True,,True,False,False,False,,Ticker Symbol,20,,,TickerSymbol,False,False,True,True,[],False,0,False,,[],,,False,False,0,False,xsd:string,True,string,False,True,False
False,False,96000,False,,False,False,,,True,False,,,False,False,False,0,False,False,False,plaintextarea,False,,False,False,False,False,,Account Description,32000,,,Description,False,False,True,True,[],False,0,False,,[],,,False,False,0,False,xsd:string,False,textarea,False,True,False
True,False,120,False,,False,False,,,True,False,,,False,False,False,0,False,False,False,,True,,True,False,False,False,,Account Rating,40,,,Rating,False,False,True,True,"[OrderedDict([('active', True), ('defaultValue', False), ('label', 'Hot'), ('validFor', None), ('value', 'Hot')]), OrderedDict([('active', True), ('defaultValue', False), ('label', 'Warm'), ('validFor', None), ('value', 'Warm')]), OrderedDict([('active', True), ('defaultValue', False), ('label', 'Cold'), ('validFor', None), ('value', 'Cold')])]",False,0,False,,[],,,False,False,0,False,xsd:string,True,picklist,False,True,False
True,False,240,False,,False,False,,,True,False,,,False,False,False,0,False,False,False,,True,,True,False,False,False,,Account Site,80,,,Site,False,False,True,True,[],False,0,False,,[],,,False,False,0,False,xsd:string,True,string,False,True,False
True,False,9,False,,False,False,,,True,False,MXN,,True,False,False,0,False,False,False,,True,,True,False,False,False,,Account Currency,3,,,CurrencyIsoCode,False,False,True,False,"[OrderedDict([('active', True), ('defaultValue', True), ('label', 'Mexican Peso'), ('validFor', None), ('value', 'MXN')])]",False,0,False,,[],,,False,True,0,False,xsd:string,True,picklist,False,True,False
True,False,18,False,,False,False,,,True,False,,,True,False,False,0,False,False,False,,True,,True,False,False,False,,Owner ID,18,,,OwnerId,False,False,False,False,[],False,0,False,,['User'],Owner,,False,False,0,False,tns:ID,True,reference,False,True,False
True,False,0,False,,False,False,,,False,False,,,True,False,False,0,False,False,False,,True,,False,False,False,False,,Created Date,0,,,CreatedDate,False,False,False,False,[],False,0,False,,[],,,False,False,0,False,xsd:dateTime,True,datetime,False,False,False
True,False,18,False,,False,False,,,False,False,,,True,False,False,0,False,False,False,,True,,True,False,False,False,,Created By ID,18,,,CreatedById,False,False,False,False,[],False,0,False,,['User'],CreatedBy,,False,False,0,False,tns:ID,True,reference,False,False,False
True,False,0,False,,False,False,,,False,False,,,True,False,False,0,False,False,False,,True,,False,False,False,False,,Last Modified Date,0,,,LastModifiedDate,False,False,False,False,[],False,0,False,,[],,,False,False,0,False,xsd:dateTime,True,datetime,False,False,False
True,False,18,False,,False,False,,,False,False,,,True,False,False,0,False,False,False,,True,,True,False,False,False,,Last Modified By ID,18,,,LastModifiedById,False,False,False,False,[],False,0,False,,['User'],LastModifiedBy,,False,False,0,False,tns:ID,True,reference,False,False,False
True,False,0,False,,False,False,,,False,False,,,True,False,False,0,False,False,False,,True,,False,False,False,False,,System Modstamp,0,,,SystemModstamp,False,False,False,False,[],False,0,False,,[],,,False,False,0,False,xsd:dateTime,True,datetime,False,False,False
True,False,0,False,,False,False,,,False,False,,,False,False,False,0,False,False,False,,True,,True,False,False,False,,Last Activity,0,,,LastActivityDate,False,False,True,False,[],False,0,False,,[],,,False,False,0,False,xsd:date,True,date,False,False,False
True,False,0,False,,False,False,,,False,False,,,False,False,False,0,False,False,False,,True,,False,False,False,False,,Last Viewed Date,0,,,LastViewedDate,False,False,True,False,[],False,0,False,,[],,,False,False,0,False,xsd:dateTime,True,datetime,False,False,False
True,False,0,False,,False,False,,,False,False,,,False,False,False,0,False,False,False,,True,,False,False,False,False,,Last Referenced Date,0,,,LastReferencedDate,False,False,True,False,[],False,0,False,,[],,,False,False,0,False,xsd:dateTime,True,datetime,False,False,False
False,False,0,False,,False,False,,,False,False,False,,True,False,False,0,False,False,False,,True,,True,False,False,False,,Partner Account,0,,,IsPartner,False,False,False,False,[],False,0,False,,[],,,False,False,0,False,xsd:boolean,True,boolean,False,True,False
False,False,0,False,,False,False,,,False,False,False,,True,False,False,0,False,False,False,,True,,True,False,False,False,,Customer Portal Account,0,,,IsCustomerPortal,False,False,False,False,[],False,0,False,,[],,,False,False,0,False,xsd:boolean,True,boolean,False,True,False
True,False,60,False,,False,False,,,True,False,,,False,False,False,0,False,False,False,,True,,True,False,False,False,,Data.com Key,20,,,Jigsaw,False,False,True,True,[],False,0,False,,[],,,False,False,0,False,xsd:string,True,string,False,True,False
True,False,60,False,,False,False,,,False,False,,,False,False,False,0,False,False,False,,True,,True,False,False,False,,Jigsaw Company ID,20,,,JigsawCompanyId,False,False,True,False,[],False,0,False,,[],JigsawCompany,,False,False,0,False,xsd:string,True,string,False,False,False
True,False,120,False,,False,False,,,True,False,,,False,False,False,0,False,False,False,,True,,True,False,False,False,,Account Source,40,,,AccountSource,False,False,True,True,"[OrderedDict([('active', True), ('defaultValue', False), ('label', 'Advertisement'), ('validFor', None), ('value', 'Advertisement')]), OrderedDict([('active', True), ('defaultValue', False), ('label', 'Customer Event'), ('validFor', None), ('value', 'Customer Event')]), OrderedDict([('active', True), ('defaultValue', False), ('label', 'Employee Referral'), ('validFor', None), ('value', 'Employee Referral')]), OrderedDict([('active', True), ('defaultValue', False), ('label', 'Google AdWords'), ('validFor', None), ('value', 'Google AdWords')]), OrderedDict([('active', True), ('defaultValue', False), ('label', 'Other'), ('validFor', None), ('value', 'Other')]), OrderedDict([('active', True), ('defaultValue', False), ('label', 'Partner'), ('validFor', None), ('value', 'Partner')]), OrderedDict([('active', True), ('defaultValue', False), ('label', 'Purchased List'), ('validFor', None), ('value', 'Purchased List')]), OrderedDict([('active', True), ('defaultValue', False), ('label', 'Trade Show'), ('validFor', None), ('value', 'Trade Show')]), OrderedDict([('active', True), ('defaultValue', False), ('label', 'Webinar'), ('validFor', None), ('value', 'Webinar')]), OrderedDict([('active', True), ('defaultValue', False), ('label', 'Website'), ('validFor', None), ('value', 'Website')])]",False,0,False,,[],,,False,False,0,False,xsd:string,True,picklist,False,True,False
True,False,240,False,,False,False,,,True,False,,,False,False,False,0,False,False,False,,True,,True,False,False,False,,SIC Description,80,,,SicDesc,False,False,True,True,[],False,0,False,,[],,,False,False,0,False,xsd:string,True,string,False,True,False
True,False,765,False,,False,False,,,True,True,,,False,False,False,0,False,False,False,,True,,True,False,False,False,,Account Payment Type,255,,,vlocity_cmt__AccountPaymentType__c,False,False,True,True,"[OrderedDict([('active', True), ('defaultValue', False), ('label', 'Prepaid'), ('validFor', None), ('value', 'Prepaid')]), OrderedDict([('active', True), ('defaultValue', False), ('label', 'Postpaid'), ('validFor', None), ('value', 'Postpaid')])]",False,0,False,,[],,,False,False,0,False,xsd:string,True,picklist,False,True,False
True,False,765,False,,False,False,,,True,True,,,False,False,False,0,False,False,False,,True,,True,False,False,False,,Active,255,,,vlocity_cmt__Active__c,False,False,True,True,"[OrderedDict([('active', True), ('defaultValue', False), ('label', 'No'), ('validFor', None), ('value', 'No')]), OrderedDict([('active', True), ('defaultValue', False), ('label', 'Yes'), ('validFor', None), ('value', 'Yes')])]",False,0,False,,[],,,False,False,0,False,xsd:string,True,picklist,False,True,False
True,False,765,False,,False,False,,,True,True,,,False,False,False,0,False,False,False,,True,,True,False,False,False,,Auto Payment Amount,255,,,vlocity_cmt__AutoPaymentAmount__c,False,False,True,True,"[OrderedDict([('active', True), ('defaultValue', False), ('label', 'Full Balance'), ('validFor', None), ('value', 'Full Balance')]), OrderedDict([('active', True), ('defaultValue', False), ('label', 'Minimum Due'), ('validFor', None), ('value', 'Minimum Due')])]",False,0,False,,[],,,False,False,0,False,xsd:string,True,picklist,False,True,False
True,False,3900,True,TEXT(vlocity_cmt__AutoPaymentMethodId__r.vlocity_cmt__CardType__c),False,False,,,False,True,,,False,False,False,0,False,False,False,,True,,False,False,False,False,,Auto Payment Card Type,1300,,,vlocity_cmt__AutoPaymentCardType__c,False,False,True,True,[],False,0,False,,[],,,False,False,0,False,xsd:string,True,string,False,False,False
True,False,0,False,,False,False,,,True,True,,,False,False,False,0,False,False,False,,True,,False,False,False,False,,Auto Payment Limit,0,,,vlocity_cmt__AutoPaymentLimitAmount__c,False,False,True,True,[],False,18,False,,[],,,False,False,2,False,xsd:double,True,currency,False,True,False
True,False,18,False,,False,False,,,True,True,,,False,False,False,0,False,False,False,,True,"OrderedDict([('controllingFields', ['Id']), ('dependent', True), ('optionalFilter', False)])",True,False,False,False,,Auto Payment Method,18,,,vlocity_cmt__AutoPaymentMethodId__c,False,False,True,True,[],False,0,False,,['vlocity_cmt__PaymentMethod__c'],vlocity_cmt__AutoPaymentMethodId__r,,False,False,0,True,tns:ID,True,reference,False,True,False
True,False,765,False,,False,False,,,True,True,,,False,False,False,0,False,False,False,,True,,True,False,False,False,,Bill Cycle,255,,,vlocity_cmt__BillCycle__c,False,False,True,True,"[OrderedDict([('active', True), ('defaultValue', False), ('label', '1'), ('validFor', None), ('value', '1')]), OrderedDict([('active', True), ('defaultValue', False), ('label', '2'), ('validFor', None), ('value', '2')]), OrderedDict([('active', True), ('defaultValue', False), ('label', '3'), ('validFor', None), ('value', '3')])]",False,0,False,,[],,,False,False,0,False,xsd:string,True,picklist,False,True,False
True,False,765,False,,False,False,,,True,True,,,False,False,False,0,False,False,False,,True,,True,False,False,False,,Bill Delivery Method,255,,,vlocity_cmt__BillDeliveryMethod__c,False,False,True,True,"[OrderedDict([('active', True), ('defaultValue', False), ('label', 'Paper Billing'), ('validFor', None), ('value', 'Paper Billing')]), OrderedDict([('active', True), ('defaultValue', False), ('label', 'Electronic Statements Online'), ('validFor', None), ('value', 'Electronic Statements Online')]), OrderedDict([('active', True), ('defaultValue', False), ('label', 'eMail'), ('validFor', None), ('value', 'eMail')])]",False,0,False,,[],,,False,False,0,False,xsd:string,True,picklist,False,True,False
True,False,765,False,,False,False,,,True,True,,,False,False,False,0,False,False,False,,True,,True,False,False,False,,Bill Format,255,,,vlocity_cmt__BillFormat__c,False,False,True,True,"[OrderedDict([('active', True), ('defaultValue', False), ('label', 'Detail'), ('validFor', None), ('value', 'Detail')]), OrderedDict([('active', True), ('defaultValue', False), ('label', 'Summary'), ('validFor', None), ('value', 'Summary')])]",False,0,False,,[],,,False,True,0,False,xsd:string,True,picklist,False,True,False
True,False,765,False,,False,False,,,True,True,,,False,False,False,0,False,False,False,,True,,True,False,False,False,,Bill Frequency,255,,,vlocity_cmt__BillFrequency__c,False,False,True,True,"[OrderedDict([('active', True), ('defaultValue', False), ('label', 'Weekly'), ('validFor', None), ('value', 'Weekly')]), OrderedDict([('active', True), ('defaultValue', False), ('label', 'Monthly'), ('validFor', None), ('value', 'Monthly')]), OrderedDict([('active', True), ('defaultValue', False), ('label', 'Quarterly'), ('validFor', None), ('value', 'Quarterly')])]",False,0,False,,[],,,False,False,0,False,xsd:string,True,picklist,False,True,False
True,False,0,False,,False,False,,,True,True,,,False,False,False,0,False,False,False,,True,,False,False,False,False,,Number of Bill Copies,0,,,vlocity_cmt__BillNumberOfCopies__c,False,False,True,True,[],False,18,False,,[],,,False,False,0,False,xsd:double,True,double,False,True,False
True,False,240,False,,False,False,,,True,True,,,False,False,False,0,False,False,False,,True,,True,False,False,False,,Billing eMail Address,80,,,vlocity_cmt__BillingEmailAddress__c,False,False,True,True,[],False,0,False,,[],,,False,False,0,False,xsd:string,True,email,False,True,False
True,False,0,False,,False,False,,,True,True,,,False,False,False,0,False,False,False,,True,,False,False,False,False,Customer Lifetime Value,CLTV,0,,,vlocity_cmt__CLTV__c,False,False,True,True,[],False,18,False,,[],,,False,False,2,False,xsd:double,True,currency,False,True,False
True,False,3900,True,"BillingStreet & BR() & BillingCity & "" "" & BillingState & "" "" & BillingPostalCode",False,False,,,False,True,,,False,False,False,0,False,False,False,,True,,False,False,True,False,,Calculated Address,1300,,,vlocity_cmt__CalculatedAddress__c,False,False,True,True,[],False,0,False,,[],,,False,False,0,False,xsd:string,True,string,False,False,False
True,False,0,False,,False,False,,,True,True,,,False,False,False,0,False,False,False,,True,,False,False,False,False,,Churn,0,,,vlocity_cmt__Churn__c,False,False,True,True,[],False,18,False,,[],,,False,False,2,False,xsd:double,True,double,False,True,False
False,False,4099,False,,False,False,,,True,True,,,False,False,False,0,False,False,False,,True,,False,False,False,False,,Contact Preferences,4099,,,vlocity_cmt__ContactPreferences__c,False,False,True,True,"[OrderedDict([('active', True), ('defaultValue', False), ('label', 'eMail'), ('validFor', None), ('value', 'eMail')]), OrderedDict([('active', True), ('defaultValue', False), ('label', 'Phone'), ('validFor', None), ('value', 'Phone')]), OrderedDict([('active', True), ('defaultValue', False), ('label', 'Mail'), ('validFor', None), ('value', 'Mail')])]",False,4,False,,[],,,False,False,0,False,xsd:string,False,multipicklist,False,True,False
True,False,240,False,,False,False,,,True,True,,,False,False,False,0,False,False,False,,True,,True,False,False,False,,Credit Rating,80,,,vlocity_cmt__CreditRating__c,False,False,True,True,[],False,0,False,,[],,,False,False,0,False,xsd:string,True,string,False,True,False
True,False,0,False,,False,False,,,True,True,,,False,False,False,0,False,False,False,,True,,False,False,False,False,,Credit Score,0,,,vlocity_cmt__CreditScore__c,False,False,True,True,[],False,18,False,,[],,,False,False,0,False,xsd:double,True,double,False,True,False
True,False,765,False,,False,False,,,True,True,,,False,False,False,0,False,False,False,,True,,True,False,False,False,,Customer Class,255,,,vlocity_cmt__CustomerClass__c,False,False,True,True,"[OrderedDict([('active', True), ('defaultValue', False), ('label', 'Residential'), ('validFor', None), ('value', 'Residential')]), OrderedDict([('active', True), ('defaultValue', False), ('label', 'SMB'), ('validFor', None), ('value', 'SMB')]), OrderedDict([('active', True), ('defaultValue', False), ('label', 'C&I'), ('validFor', None), ('value', 'C&I')])]",False,0,False,,[],,,False,False,0,False,xsd:string,True,picklist,False,True,False
True,False,765,False,,False,False,,,True,True,,,False,False,False,0,False,False,False,,True,,True,False,False,False,,Customer Of,255,,,vlocity_cmt__CustomerOfBrand__c,False,False,True,True,"[OrderedDict([('active', True), ('defaultValue', False), ('label', 'Other'), ('validFor', None), ('value', 'Other')])]",False,0,False,,[],,,False,False,0,False,xsd:string,True,picklist,False,True,False
True,False,765,False,,False,False,,,True,True,,,False,False,False,0,False,False,False,,True,,True,False,False,False,,Customer Value,255,,,vlocity_cmt__CustomerValue__c,False,False,True,True,"[OrderedDict([('active', True), ('defaultValue', False), ('label', 'Diamond'), ('validFor', None), ('value', 'Diamond')]), OrderedDict([('active', True), ('defaultValue', False), ('label', 'Platinum'), ('validFor', None), ('value', 'Platinum')]), OrderedDict([('active', True), ('defaultValue', False), ('label', 'Gold'), ('validFor', None), ('value', 'Gold')]), OrderedDict([('active', True), ('defaultValue', False), ('label', 'Silver'), ('validFor', None), ('value', 'Silver')]), OrderedDict([('active', True), ('defaultValue', False), ('label', 'Bronze'), ('validFor', None), ('value', 'Bronze')])]",False,0,False,,[],,,False,False,0,False,xsd:string,True,picklist,False,True,False
True,False,0,False,,False,False,,,True,True,,,False,False,False,0,False,False,False,,True,,True,False,False,False,,Date Founded,0,,,vlocity_cmt__DateFounded__c,False,False,True,True,[],False,0,False,,[],,,False,False,0,False,xsd:date,True,date,False,True,False
False,False,0,False,,False,False,,,True,True,False,,True,False,False,0,False,False,False,,True,,True,False,False,False,,Directory Listed,0,,,vlocity_cmt__DirectoryListed__c,False,False,False,True,[],False,0,False,,[],,,False,False,0,False,xsd:boolean,True,boolean,False,True,False
False,False,0,False,,False,False,,,True,True,False,,True,False,False,0,False,False,False,,True,,True,False,False,False,,Foreign Exchange,0,,,vlocity_cmt__Disclosure1__c,False,False,False,True,[],False,0,False,,[],,,False,False,0,False,xsd:boolean,True,boolean,False,True,False
False,False,0,False,,False,False,,,True,True,False,,True,False,False,0,False,False,False,,True,,True,False,False,False,,Gaming or Gambling,0,,,vlocity_cmt__Disclosure2__c,False,False,False,True,[],False,0,False,,[],,,False,False,0,False,xsd:boolean,True,boolean,False,True,False
False,False,0,False,,False,False,,,True,True,False,,True,False,False,0,False,False,False,,True,,True,False,False,False,,Money Lending/Pawning,0,,,vlocity_cmt__Disclosure3__c,False,False,False,True,[],False,0,False,,[],,,False,False,0,False,xsd:boolean,True,boolean,False,True,False
False,False,0,False,,False,False,,,True,True,False,,True,False,False,0,False,False,False,,True,,True,False,False,False,,Enable Autopay,0,,,vlocity_cmt__EnableAutopay__c,False,False,False,True,[],False,0,False,,[],,,False,False,0,False,xsd:boolean,True,boolean,False,True,False
False,False,0,False,,False,False,,,True,True,False,,True,False,False,0,False,False,False,,True,,True,False,False,False,,Is Person Account,0,,,vlocity_cmt__IsPersonAccount__c,False,False,False,True,[],False,0,False,,[],,,False,False,0,False,xsd:boolean,True,boolean,False,True,False
False,False,0,False,,False,False,,,True,True,False,,True,False,False,0,False,False,False,,True,,True,False,False,False,,Is Root Resolved,0,,,vlocity_cmt__IsRootResolved__c,False,False,False,True,[],False,0,False,,[],,,False,False,0,False,xsd:boolean,True,boolean,False,True,False
True,False,765,False,,False,False,,,True,True,,,False,False,False,0,False,False,False,,True,,True,False,False,False,,Account Jurisdiction 1,255,,,vlocity_cmt__Juridsiction1__c,False,False,True,True,"[OrderedDict([('active', True), ('defaultValue', False), ('label', 'Company'), ('validFor', None), ('value', 'Company')]), OrderedDict([('active', True), ('defaultValue', False), ('label', 'State'), ('validFor', None), ('value', 'State')]), OrderedDict([('active', True), ('defaultValue', False), ('label', 'Region'), ('validFor', None), ('value', 'Region')])]",False,0,False,,[],,,False,False,0,False,xsd:string,True,picklist,False,True,False
True,False,765,False,,False,False,,,True,True,,,False,False,False,0,False,False,False,,True,,True,False,False,False,,Account Jurisdiction 2,255,,,vlocity_cmt__Jurisdiction2__c,False,False,True,True,"[OrderedDict([('active', True), ('defaultValue', False), ('label', 'Secondary jurisdiction A'), ('validFor', None), ('value', 'Secondary jurisdiction A')]), OrderedDict([('active', True), ('defaultValue', False), ('label', 'Secondary jurisdiction B'), ('validFor', None), ('value', 'Secondary jurisdiction B')])]",False,0,False,,[],,,False,False,0,False,xsd:string,True,picklist,False,True,False
True,False,765,False,,False,False,,,True,True,,,False,False,False,0,False,False,False,,True,,True,False,False,False,,Legal Form,255,,,vlocity_cmt__LegalForm__c,False,False,True,True,"[OrderedDict([('active', True), ('defaultValue', False), ('label', 'Corporation'), ('validFor', None), ('value', 'Corporation')]), OrderedDict([('active', True), ('defaultValue', False), ('label', 'LLC'), ('validFor', None), ('value', 'LLC')]), OrderedDict([('active', True), ('defaultValue', False), ('label', 'LLP'), ('validFor', None), ('value', 'LLP')]), OrderedDict([('active', True), ('defaultValue', False), ('label', 'Not for Profit'), ('validFor', None), ('value', 'Not for Profit')]), OrderedDict([('active', True), ('defaultValue', False), ('label', 'Partnership'), ('validFor', None), ('value', 'Partnership')]), OrderedDict([('active', True), ('defaultValue', False), ('label', 'Sole Proprietorship'), ('validFor', None), ('value', 'Sole Proprietorship')])]",False,0,False,,[],,,False,False,0,False,xsd:string,True,picklist,False,True,False
True,False,0,False,,False,False,,,True,True,,,False,False,False,0,False,False,False,,True,,False,False,False,False,,Net Worth,0,,,vlocity_cmt__NetWorth__c,False,False,True,True,[],False,18,False,,[],,,False,False,0,False,xsd:double,True,currency,False,True,False
True,False,0,False,,False,False,,,True,True,,,False,False,False,0,False,False,False,,True,,False,False,False,False,,Number of Locations,0,,,vlocity_cmt__NumberofLocations__c,False,False,True,True,[],False,3,False,,[],,,False,False,0,False,xsd:double,True,double,False,True,False
True,False,18,False,,False,False,,,True,True,,,False,False,False,0,False,False,False,,True,,True,False,False,False,,Party,18,,,vlocity_cmt__PartyId__c,False,False,True,True,[],False,0,False,,['vlocity_cmt__Party__c'],vlocity_cmt__PartyId__r,,False,False,0,True,tns:ID,True,reference,False,True,False
True,False,18,False,,False,False,,,True,True,,,False,False,False,0,False,False,False,,True,,True,False,False,False,,Person Contact Id,18,,,vlocity_cmt__PersonContactId__c,False,False,True,True,[],False,0,False,,['Contact'],vlocity_cmt__PersonContactId__r,,False,False,0,True,tns:ID,True,reference,False,True,False
True,False,765,False,,False,False,,,True,True,,,False,False,False,0,False,False,False,,True,,True,False,False,False,,Preferred Language,255,,,vlocity_cmt__PreferredLanguage__c,False,False,True,True,[],False,0,False,,[],,,False,False,0,False,xsd:string,True,string,False,True,False
True,False,18,False,,False,False,,,True,True,,,False,False,False,0,False,False,False,,True,,True,False,False,False,,Premises,18,,,vlocity_cmt__PremisesId__c,False,False,True,True,[],False,0,False,,['vlocity_cmt__Premises__c'],vlocity_cmt__PremisesId__r,,False,False,0,True,tns:ID,True,reference,False,True,False
True,False,0,False,,False,False,,,True,True,,,False,False,False,0,False,False,False,,True,,False,False,False,False,,Prepay Reload Threshold,0,,,vlocity_cmt__PrepayReloadThreshold__c,False,False,True,True,[],False,18,False,,[],,,False,False,2,False,xsd:double,True,currency,False,True,False
True,False,18,False,,False,False,,,True,True,,,False,False,False,0,False,False,False,,True,,True,False,False,False,,Contact,18,,,vlocity_cmt__PrimaryContactId__c,False,False,True,True,[],False,0,False,,['Contact'],vlocity_cmt__PrimaryContactId__r,,False,False,0,True,tns:ID,True,reference,False,True,False
True,False,18,False,,False,False,,,True,True,,,False,False,False,0,False,False,False,,True,,True,False,False,False,,Root Account,18,,,vlocity_cmt__RootAccountId__c,False,False,True,True,[],False,0,False,,['Account'],vlocity_cmt__RootAccountId__r,,False,False,0,True,tns:ID,True,reference,False,True,False
True,False,765,False,,False,False,,,True,True,,,False,False,False,0,False,False,False,,True,,True,False,False,False,,SLA,255,,,vlocity_cmt__SLA__c,False,False,True,True,"[OrderedDict([('active', True), ('defaultValue', False), ('label', 'Gold'), ('validFor', None), ('value', 'Gold')]), OrderedDict([('active', True), ('defaultValue', False), ('label', 'Silver'), ('validFor', None), ('value', 'Silver')]), OrderedDict([('active', True), ('defaultValue', False), ('label', 'Platinum'), ('validFor', None), ('value', 'Platinum')]), OrderedDict([('active', True), ('defaultValue', False), ('label', 'Bronze'), ('validFor', None), ('value', 'Bronze')])]",False,0,False,,[],,,False,False,0,False,xsd:string,True,picklist,False,True,False
True,False,765,False,,False,False,,,True,True,,,False,False,False,0,False,False,False,,True,,True,False,False,False,,Status,255,,,vlocity_cmt__Status__c,False,False,True,True,"[OrderedDict([('active', True), ('defaultValue', False), ('label', 'Activo'), ('validFor', None), ('value', 'Active')]), OrderedDict([('active', True), ('defaultValue', False), ('label', 'Inactivo'), ('validFor', None), ('value', 'Inactive')]), OrderedDict([('active', True), ('defaultValue', False), ('label', 'Suspendido'), ('validFor', None), ('value', 'Suspended')]), OrderedDict([('active', True), ('defaultValue', False), ('label', 'Cerrado'), ('validFor', None), ('value', 'Closed')])]",False,0,False,,[],,,False,False,0,False,xsd:string,True,picklist,False,True,False
True,False,0,False,,False,False,,,True,True,,,False,False,False,0,False,False,False,,True,,False,False,False,False,,Tax Exemption End,0,,,vlocity_cmt__TaxExemptionEndDate__c,False,False,True,True,[],False,0,False,,[],,,False,False,0,False,xsd:dateTime,True,datetime,False,True,False
True,False,0,False,,False,False,,,True,True,,,False,False,False,0,False,False,False,,True,,False,False,False,False,,Tax Exemption Percentage,0,,,vlocity_cmt__TaxExemptionPercentage__c,False,False,True,True,[],False,5,False,,[],,,False,False,2,False,xsd:double,True,percent,False,True,False
True,False,0,False,,False,False,,,True,True,,,False,False,False,0,False,False,False,,True,,False,False,False,False,,Tax Exemption Start,0,,,vlocity_cmt__TaxExemptionStartDate__c,False,False,True,True,[],False,0,False,,[],,,False,False,0,False,xsd:dateTime,True,datetime,False,True,False
True,False,765,False,,False,False,,,True,True,,,False,False,False,0,False,False,False,,True,,True,False,False,False,,Tax Exemption,255,,,vlocity_cmt__TaxExemptionType__c,False,False,True,True,"[OrderedDict([('active', True), ('defaultValue', False), ('label', 'Non-exempt'), ('validFor', None), ('value', 'Non-exempt')]), OrderedDict([('active', True), ('defaultValue', False), ('label', 'Exempt'), ('validFor', None), ('value', 'Exempt')])]",False,0,False,,[],,,False,False,0,False,xsd:string,True,picklist,False,True,False
True,False,30,False,,False,False,,,True,True,,,False,False,False,0,False,False,False,,True,,True,False,False,False,,Tax ID,10,,,vlocity_cmt__TaxID__c,False,False,True,True,[],False,0,False,,[],,,False,False,0,False,xsd:string,True,string,False,True,False
True,False,765,False,,False,False,,,True,True,,,False,False,False,0,False,False,False,,True,,True,False,False,False,,Customer Priority,255,,,vlocity_cmt__vCustomerPriority__c,False,False,True,True,"[OrderedDict([('active', True), ('defaultValue', False), ('label', 'High'), ('validFor', None), ('value', 'High')]), OrderedDict([('active', True), ('defaultValue', False), ('label', 'Low'), ('validFor', None), ('value', 'Low')]), OrderedDict([('active', True), ('defaultValue', False), ('label', 'Medium'), ('validFor', None), ('value', 'Medium')])]",False,0,False,,[],,,False,False,0,False,xsd:string,True,picklist,False,True,False
True,False,0,False,,False,False,,,True,True,,,False,False,False,0,False,False,False,,True,,True,False,False,False,,SLA Expiration Date,0,,,vlocity_cmt__vSLAExpirationDate__c,False,False,True,True,[],False,0,False,,[],,,False,False,0,False,xsd:date,True,date,False,True,False
True,False,30,False,,False,False,,,True,True,,,False,False,False,0,False,False,False,,True,,True,False,False,False,,SLA Serial Number,10,,,vlocity_cmt__vSLASerialNumber__c,False,False,True,True,[],False,0,False,,[],,,False,False,0,False,xsd:string,True,string,False,True,False
True,False,765,False,,False,False,,,True,True,,,False,False,False,0,False,False,False,,True,,True,False,False,False,,SLA,255,,,vlocity_cmt__vSLA__c,False,False,True,True,"[OrderedDict([('active', True), ('defaultValue', False), ('label', 'Gold'), ('validFor', None), ('value', 'Gold')]), OrderedDict([('active', True), ('defaultValue', False), ('label', 'Silver'), ('validFor', None), ('value', 'Silver')]), OrderedDict([('active', True), ('defaultValue', False), ('label', 'Platinum'), ('validFor', None), ('value', 'Platinum')]), OrderedDict([('active', True), ('defaultValue', False), ('label', 'Bronze'), ('validFor', None), ('value', 'Bronze')])]",False,0,False,,[],,,False,False,0,False,xsd:string,True,picklist,False,True,False
True,False,150,False,,False,False,,,True,True,,,False,False,False,0,False,False,False,,True,,True,False,False,False,,Billing Street Number,50,,,Billing_Street_Number__c,False,False,True,True,[],False,0,False,,[],,,False,False,0,False,xsd:string,True,string,False,True,False
True,False,765,False,,False,False,,,True,True,,,False,False,False,0,False,False,False,,True,,True,False,False,False,,Colonia,255,,,Colonia__c,False,False,True,True,[],False,0,False,,[],,,False,False,0,False,xsd:string,True,string,False,True,False
True,False,300,False,,False,False,,,True,True,,,False,False,False,0,False,False,False,,True,,True,False,False,False,,Ciclo,100,,,Cycle__c,False,False,True,True,[],False,0,False,,[],,,False,False,0,False,xsd:string,True,string,False,True,False
True,False,150,False,,False,False,,,True,True,,,False,False,False,0,False,False,False,,True,,True,False,False,False,,NÃºmero de empleado,50,,,EmployeeNumber__c,False,False,True,True,[],False,0,False,,[],,,False,False,0,False,xsd:string,True,string,False,True,False
True,False,765,False,,False,False,,,True,True,,,False,False,False,0,False,False,False,plaintextarea,True,,True,False,False,False,,Fraud Reason,255,,,Fraud_Reason__c,False,False,True,True,[],False,0,False,,[],,,False,False,0,False,xsd:string,True,textarea,False,True,False
False,False,0,False,,False,False,,,True,True,False,,True,False,False,0,False,False,False,,True,,True,False,False,False,,Fraud,0,,,Fraud__c,False,False,False,True,[],False,0,False,,[],,,False,False,0,False,xsd:boolean,True,boolean,False,True,False
True,False,120,False,,False,False,,,True,True,,,False,False,False,0,False,False,False,,True,,True,False,False,False,,HUB,40,,,HUB__c,False,False,True,True,[],False,0,False,,[],,,False,False,0,False,xsd:string,True,string,False,True,False
True,False,150,False,,False,False,,,True,True,,,False,False,False,0,False,False,False,,True,,True,False,False,False,,Interior,50,,,Interior__c,False,False,True,True,[],False,0,False,,[],,,False,False,0,False,xsd:string,True,string,False,True,False
True,False,765,False,,False,False,,,True,True,,,False,False,False,0,False,False,False,,True,,True,False,False,False,,Nominera,255,,,Nominee__c,False,False,True,True,"[OrderedDict([('active', True), ('defaultValue', False), ('label', 'INTEGRAVISION DE OCCIDENTE, S.A. DE C.V.'), ('validFor', None), ('value', 'INTEGRAVISION DE OCCIDENTE, S.A. DE C.V.')]), OrderedDict([('active', True), ('defaultValue', False), ('label', 'SUMANT, S.A. DE C.V.'), ('validFor', None), ('value', 'SUMANT, S.A. DE C.V.')]), OrderedDict([('active', True), ('defaultValue', False), ('label', 'SERVICIOS INTEGRALES PARA SISTEMAS DE CABLE, S.A. DE C.V.'), ('validFor', None), ('value', 'SERVICIOS INTEGRALES PARA SISTEMAS DE CABLE, S.A. DE C.V.')]), OrderedDict([('active', True), ('defaultValue', False), ('label', 'GERIT PROFESIONALES, S.A. DE C.V.'), ('validFor', None), ('value', 'GERIT PROFESIONALES, S.A. DE C.V.')]), OrderedDict([('active', True), ('defaultValue', False), ('label', 'ARYADEBA, S.A. DE C.V.'), ('validFor', None), ('value', 'ARYADEBA, S.A. DE C.V.')]), OrderedDict([('active', True), ('defaultValue', False), ('label', 'SERVICIOS TECNICOS CABLEVISION, S.A. DE C.V.'), ('validFor', None), ('value', 'SERVICIOS TECNICOS CABLEVISION, S.A. DE C.V.')]), OrderedDict([('active', True), ('defaultValue', False), ('label', 'APOYO TELEFONICO CABLEMAS, S.A. DE C.V.'), ('validFor', None), ('value', 'APOYO TELEFONICO CABLEMAS, S.A. DE C.V.')]), OrderedDict([('active', True), ('defaultValue', False), ('label', 'GRUPO MEXICANO DE CABLE S.A. DE C.V'), ('validFor', None), ('value', 'GRUPO MEXICANO DE CABLE S.A. DE C.V')]), OrderedDict([('active', True), ('defaultValue', False), ('label', 'GRUPO MAPSANI, S. A. DE C. V.'), ('validFor', None), ('value', 'GRUPO MAPSANI, S. A. DE C. V.')]), OrderedDict([('active', True), ('defaultValue', False), ('label', 'CONSTRUCTORA CABLEMAS, S.A. DE C.V.'), ('validFor', None), ('value', 'CONSTRUCTORA CABLEMAS, S.A. DE C.V.')]), OrderedDict([('active', True), ('defaultValue', False), ('label', 'TELEVICABLE REGIONAL, S.A. DE C.V.'), ('validFor', None), ('value', 'TELEVICABLE REGIONAL, S.A. DE C.V.')]), OrderedDict([('active', True), ('defaultValue', False), ('label', 'SERVICIOS CABLEVISION, S.A. DE C.V.'), ('validFor', None), ('value', 'SERVICIOS CABLEVISION, S.A. DE C.V.')]), OrderedDict([('active', True), ('defaultValue', False), ('label', 'ADMINISTRADORA DE SISTEMAS DE COMUNICACION, S.A. DE C.V.'), ('validFor', None), ('value', 'ADMINISTRADORA DE SISTEMAS DE COMUNICACION, S.A. DE C.V.')]), OrderedDict([('active', True), ('defaultValue', False), ('label', 'TECNICA AVANZADA EN CABLEADOS,S.A. DE C.V.'), ('validFor', None), ('value', 'TECNICA AVANZADA EN CABLEADOS,S.A. DE C.V.')]), OrderedDict([('active', True), ('defaultValue', False), ('label', 'SERVICIOS OPERBES, SA DE CV'), ('validFor', None), ('value', 'SERVICIOS OPERBES, SA DE CV')]), OrderedDict([('active', True), ('defaultValue', False), ('label', 'RH SERVICIOS ADMINISTRATIVOS, S.A. DE C.V.'), ('validFor', None), ('value', 'RH SERVICIOS ADMINISTRATIVOS, S.A. DE C.V.')]), OrderedDict([('active', True), ('defaultValue', False), ('label', 'GRUPO CABLE ASESORES, S.A. DE C.V.'), ('validFor', None), ('value', 'GRUPO CABLE ASESORES, S.A. DE C.V.')]), OrderedDict([('active', True), ('defaultValue', False), ('label', 'APOCALI, S.A. DE C.V.'), ('validFor', None), ('value', 'APOCALI, S.A. DE C.V.')]), OrderedDict([('active', True), ('defaultValue', False), ('label', 'CAREDTELETV SERVICIOS ADMINISTRATIVOS FTTH DE MEXICO, S.A. DE C.V.'), ('validFor', None), ('value', 'CAREDTELETV SERVICIOS ADMINISTRATIVOS FTTH DE MEXICO, S.A. DE C.V.')]), OrderedDict([('active', True), ('defaultValue', False), ('label', 'TIN, S.A. DE C.V.'), ('validFor', None), ('value', 'TIN, S.A. DE C.V.')]), OrderedDict([('active', True), ('defaultValue', False), ('label', 'SERVICIOS LETSEB, SA DE CV'), ('validFor', None), ('value', 'SERVICIOS LETSEB, SA DE CV')]), OrderedDict([('active', True), ('defaultValue', False), ('label', 'GRUPO SERVICOMUNICACION, S.A .DE C.V.'), ('validFor', None), ('value', 'GRUPO SERVICOMUNICACION, S.A .DE C.V.')]), OrderedDict([('active', True), ('defaultValue', False), ('label', 'MEGA COM M SERVICIOS, S.A. DE C.V.'), ('validFor', None), ('value', 'MEGA COM M SERVICIOS, S.A. DE C.V.')]), OrderedDict([('active', True), ('defaultValue', False), ('label', 'TELESTAR DEL PACIFICO, S.A. DE C.V.'), ('validFor', None), ('value', 'TELESTAR DEL PACIFICO, S.A. DE C.V.')]), OrderedDict([('active', True), ('defaultValue', False), ('label', 'TELE CABLE DE MICHOACAN, S.A. DE C.V.'), ('validFor', None), ('value', 'TELE CABLE DE MICHOACAN, S.A. DE C.V.')]), OrderedDict([('active', True), ('defaultValue', False), ('label', 'RH SERVICIOS EJECUTIVOS, S.A. DE C.V.'), ('validFor', None), ('value', 'RH SERVICIOS EJECUTIVOS, S.A. DE C.V.')]), OrderedDict([('active', True), ('defaultValue', False), ('label', '3 TVSA. PROD.SIND.'), ('validFor', None), ('value', '3 TVSA. PROD.SIND.')]), OrderedDict([('active', True), ('defaultValue', False), ('label', '5 MONTDOVAL'), ('validFor', None), ('value', '5 MONTDOVAL')]), OrderedDict([('active', True), ('defaultValue', False), ('label', '8 TVSA. CORP.'), ('validFor', None), ('value', '8 TVSA. CORP.')]), OrderedDict([('active', True), ('defaultValue', False), ('label', '14 CORPORACION KANTE'), ('validFor', None), ('value', '14 CORPORACION KANTE')]), OrderedDict([('active', True), ('defaultValue', False), ('label', '16 RADIO COMERCIALES Q.'), ('validFor', None), ('value', '16 RADIO COMERCIALES Q.')]), OrderedDict([('active', True), ('defaultValue', False), ('label', '17 TNT DNA'), ('validFor', None), ('value', '17 TNT DNA')]), OrderedDict([('active', True), ('defaultValue', False), ('label', '20 TVSA. CORP. TELECOM'), ('validFor', None), ('value', '20 TVSA. CORP. TELECOM')]), OrderedDict([('active', True), ('defaultValue', False), ('label', '21 CORPORATEL Q.'), ('validFor', None), ('value', '21 CORPORATEL Q.')]), OrderedDict([('active', True), ('defaultValue', False), ('label', '30 CTP MATAMOROS Q.'), ('validFor', None), ('value', '30 CTP MATAMOROS Q.')]), OrderedDict([('active', True), ('defaultValue', False), ('label', '33 CTP REPETIDORAS Q.'), ('validFor', None), ('value', '33 CTP REPETIDORAS Q.')]), OrderedDict([('active', True), ('defaultValue', False), ('label', '37 RTMN REPETIDORA X'), ('validFor', None), ('value', '37 RTMN REPETIDORA X')]), OrderedDict([('active', True), ('defaultValue', False), ('label', '39 C BOSQUE DE CANELOS'), ('validFor', None), ('value', '39 C BOSQUE DE CANELOS')]), OrderedDict([('active', True), ('defaultValue', False), ('label', '43 TRUXILLOS PUBLICIDAD'), ('validFor', None), ('value', '43 TRUXILLOS PUBLICIDAD')]), OrderedDict([('active', True), ('defaultValue', False), ('label', '44 RTMN GUADALAJARA Q.'), ('validFor', None), ('value', '44 RTMN GUADALAJARA Q.')]), OrderedDict([('active', True), ('defaultValue', False), ('label', '46 RTMN LERMA Q.'), ('validFor', None), ('value', '46 RTMN LERMA Q.')]), OrderedDict([('active', True), ('defaultValue', False), ('label', '47 RTMN MONTERREY Q.'), ('validFor', None), ('value', '47 RTMN MONTERREY Q.')]), OrderedDict([('active', True), ('defaultValue', False), ('label', '49 RTMN PUEBLA Q.'), ('validFor', None), ('value', '49 RTMN PUEBLA Q.')]), OrderedDict([('active', True), ('defaultValue', False), ('label', '50 C BOSQUE DE ACACIAS'), ('validFor', None), ('value', '50 C BOSQUE DE ACACIAS')]), OrderedDict([('active', True), ('defaultValue', False), ('label', '52 RTMN VERACRUZ Q.'), ('validFor', None), ('value', '52 RTMN VERACRUZ Q.')]), OrderedDict([('active', True), ('defaultValue', False), ('label', '60 TV CONCEPTOS DNA'), ('validFor', None), ('value', '60 TV CONCEPTOS DNA')]), OrderedDict([('active', True), ('defaultValue', False), ('label', '63 FUNDACION TELEVISA Q'), ('validFor', None), ('value', '63 FUNDACION TELEVISA Q')]), OrderedDict([('active', True), ('defaultValue', False), ('label', '66 DESARROLLO VISTA HER'), ('validFor', None), ('value', '66 DESARROLLO VISTA HER')]), OrderedDict([('active', True), ('defaultValue', False), ('label', '69 SOC.SER.OP.CENT'), ('validFor', None), ('value', '69 SOC.SER.OP.CENT')]), OrderedDict([('active', True), ('defaultValue', False), ('label', '77 TV CONCEPTOS'), ('validFor', None), ('value', '77 TV CONCEPTOS')]), OrderedDict([('active', True), ('defaultValue', False), ('label', '78 TRANSMISIONES NACION'), ('validFor', None), ('value', '78 TRANSMISIONES NACION')]), OrderedDict([('active', True), ('defaultValue', False), ('label', '79 CADENA DE LAS AMERIC'), ('validFor', None), ('value', '79 CADENA DE LAS AMERIC')]), OrderedDict([('active', True), ('defaultValue', False), ('label', '80 EMPRESAS BALUARTE SI'), ('validFor', None), ('value', '80 EMPRESAS BALUARTE SI')]), OrderedDict([('active', True), ('defaultValue', False), ('label', '81 ECO PRODUCCIONES'), ('validFor', None), ('value', '81 ECO PRODUCCIONES')]), OrderedDict([('active', True), ('defaultValue', False), ('label', '83 SATTORA'), ('validFor', None), ('value', '83 SATTORA')]), OrderedDict([('active', True), ('defaultValue', False), ('label', '89 SERVICIOS RADIOPOLIS'), ('validFor', None), ('value', '89 SERVICIOS RADIOPOLIS')]), OrderedDict([('active', True), ('defaultValue', False), ('label', '94 SERV ADMON COAPA SIN'), ('validFor', None), ('value', '94 SERV ADMON COAPA SIN')]), OrderedDict([('active', True), ('defaultValue', False), ('label', '95 SERV ADMON COAPA'), ('validFor', None), ('value', '95 SERV ADMON COAPA')])]",False,0,False,,[],,,False,True,0,False,xsd:string,True,picklist,False,True,False
True,False,18,False,,False,False,,,True,True,,,False,False,False,0,False,False,False,,True,,True,False,False,False,,Contact,18,,,PrimaryContactId__c,False,False,True,True,[],False,0,False,,['Contact'],PrimaryContactId__r,,False,False,0,True,tns:ID,True,reference,False,True,False
True,False,300,False,,False,False,,,True,True,,,False,False,False,0,False,False,False,,True,,True,False,False,False,,RPT,100,,,RPTName__c,False,False,True,True,[],False,0,False,,[],,,False,False,0,False,xsd:string,True,string,False,True,False
True,False,30,False,,False,False,,,True,True,,,False,False,False,0,False,False,False,,True,,True,False,False,False,,RPT,10,,,RPT__c,False,False,True,True,[],False,0,False,,[],,,False,False,0,False,xsd:string,True,string,False,True,False
True,False,45,False,,False,False,,,True,True,,,False,False,False,0,False,False,False,,True,,True,False,False,False,,Siebel Number,15,,,Siebel_Number__c,False,False,True,True,[],False,0,False,,[],,,False,False,0,False,xsd:string,True,string,True,True,False
True,False,90,False,,False,False,,,True,True,,,False,False,False,0,False,False,False,,True,,True,False,False,False,,StripeCustomer,30,,,StripeCustomerId__c,False,False,True,True,[],False,0,False,,[],,,False,False,0,False,xsd:string,True,string,False,True,False
True,False,300,False,,False,False,,,True,True,,,False,False,False,0,False,False,False,,True,,True,False,False,False,,Subtipo de Cliente,100,,,Subtipo_de_Cliente__c,False,False,True,True,[],False,0,False,,[],,,False,False,0,False,xsd:string,True,string,False,True,False
True,False,300,False,,False,False,,,True,True,,,False,False,False,0,False,False,False,,True,,True,False,False,False,,Tipo de Cliente,100,,,Tipo_de_Cliente__c,False,False,True,True,[],False,0,False,,[],,,False,False,0,False,xsd:string,True,string,False,True,False
True,False,3900,True,"BillingStreet & BR() 
& BillingPostalCode &"" ""
& BillingCity & BR()
& BillingCountry",False,False,,,False,True,,,False,False,False,0,False,False,False,,True,,False,False,True,False,,service,1300,,,service__c,False,False,True,True,[],False,0,False,,[],,,False,False,0,False,xsd:string,True,string,False,False,False
